date,bank name,state,zip code,message
07/29/2013,Bank C,VA,24540,Lorem ipsum dolor sit amet consectetur adipiscing elit. Suspendisse sagittis . Call customer at (408) 933-2730. libero et lorem
07/29/2013,Bank A,CA,95992,Lorem ipsum dolor sit amet consectetur adipiscing elit. Suspendisse sagittis libero et lorem cursus fermentum.
07/29/2013,Bank A,NY,10065,Lorem ipsum dolor sit amet . Reach customer at test@example.com. consectetur adipiscing elit. Suspendisse
07/29/2013,Bank B,GA,30084,Lorem ipsum dolor sit amet consectetur adipiscing elit. Suspendisse sagittis libero et lorem cursus fermentum.
07/29/2013,Bank C,CT,6106,Lorem ipsum dolor sit amet . Reach customer at test@example.com. consectetur adipiscing elit. Suspendisse sagittis
07/29/2013,Bank B,TX,75025,Lorem ipsum dolor sit amet consectetur adipiscing elit. Suspendisse sagittis libero et lorem cursus fermentum.
07/29/2013,Bank A,VA,20147,Lorem . Reach customer at test@example.com. ipsum dolor sit amet consectetur adipiscing elit. Suspendisse sagittis
07/29/2013,Bank A,FL,32818,Lorem ipsum dolor sit amet consectetur adipiscing elit. Suspendisse sagittis libero et lorem cursus fermentum.
07/29/2013,Bank A,OH,45247,Lorem ipsum dolor sit amet consectetur . Call customer at (408) 933-2730. adipiscing elit. Suspendisse sagittis
07/29/2013,Bank B,NV,89511,Lorem ipsum dolor sit amet consectetur adipiscing elit. Suspendisse sagittis libero et lorem cursus fermentum.
07/29/2013,Bank B,NC,27949,Lorem ipsum dolor sit amet consectetur adipiscing elit. . Call customer at (408) 933-2730. Suspendisse sagittis libero et lorem cursus
07/29/2013,Bank B,CA,90703,Lorem ipsum dolor sit amet consectetur adipiscing elit. Suspendisse sagittis libero et lorem cursus fermentum.
07/29/2013,Bank D,CA,95821,Lorem ipsum dolor sit amet consectetur adipiscing elit. Suspendisse sagittis libero et lorem . Reach customer at test@example.com. cursus
07/29/2013,Bank B,PA,19145,Lorem ipsum dolor sit amet consectetur adipiscing elit. Suspendisse sagittis libero et lorem cursus fermentum.
07/29/2013,Bank C,PA,19145,Lorem ipsum dolor sit amet consectetur adipiscing . Reach customer at test@example.com. elit.
07/29/2013,Bank A,NY,14092,Lorem ipsum dolor sit amet consectetur adipiscing elit. Suspendisse sagittis libero et lorem cursus fermentum.
07/29/2013,Bank B,FL,33426,Lorem ipsum dolor sit . Call customer at (408) 933-2730. amet consectetur adipiscing elit.
07/29/2013,Bank D,NY,10019,Lorem ipsum dolor sit amet consectetur adipiscing elit. Suspendisse sagittis libero et lorem cursus fermentum.
07/29/2013,Bank D,NJ,7604,Lorem ipsum dolor sit amet consectetur adipiscing elit. Suspendisse sagittis libero et lorem cursus . Reach customer at test@example.com.
07/29/2013,Bank B,WA,98548,Lorem ipsum dolor sit amet consectetur adipiscing elit. Suspendisse sagittis libero et lorem cursus fermentum.
07/29/2013,Bank C,CA,90034,Lorem ipsum dolor sit . Call customer at (408) 933-2730. amet consectetur adipiscing
07/29/2013,Bank D,HI,96793,Lorem ipsum dolor sit amet consectetur adipiscing elit. Suspendisse sagittis libero et lorem cursus fermentum.
07/29/2013,Bank C,FL,32825,Lorem ipsum dolor sit amet consectetur adipiscing elit. Suspendisse sagittis libero et lorem cursus . Call customer at (408) 933-2730.
07/29/2013,Bank C,NY,10605,Lorem ipsum dolor sit amet consectetur adipiscing elit. Suspendisse sagittis libero et lorem cursus fermentum.
07/29/2013,Bank C,NY,14467,Lorem ipsum dolor sit amet consectetur adipiscing elit. Suspendisse sagittis libero et lorem cursus . Reach customer at test@example.com.
07/29/2013,Bank C,CA,92591,Lorem ipsum dolor sit amet consectetur adipiscing elit. Suspendisse sagittis libero et lorem cursus fermentum.
07/29/2013,Bank D,IL,60443,Lorem ipsum dolor sit . Call customer at (408) 933-2730. amet consectetur adipiscing elit.
07/29/2013,Bank C,CA,96088,Lorem ipsum dolor sit amet consectetur adipiscing elit. Suspendisse sagittis libero et lorem cursus fermentum.
07/29/2013,Bank B,CA,91605,Lorem ipsum dolor sit amet consectetur adipiscing elit. Suspendisse sagittis libero et . Reach customer at test@example.com. lorem cursus
07/29/2013,Bank A,OH,45150,Lorem ipsum dolor sit amet consectetur adipiscing elit. Suspendisse sagittis libero et lorem cursus fermentum.
07/29/2013,Bank B,FL,32233,Lorem ipsum dolor sit amet consectetur adipiscing elit. Suspendisse sagittis libero et . Call customer at (408) 933-2730. lorem cursus
07/29/2013,Bank B,FL,32084,Lorem ipsum dolor sit amet consectetur adipiscing elit. Suspendisse sagittis libero et lorem cursus fermentum.
07/29/2013,Bank C,FL,33234,Lorem ipsum dolor sit amet consectetur adipiscing elit. Suspendisse sagittis libero et lorem cursus . Reach customer at test@example.com.
07/29/2013,Bank A,FL,32505,Lorem ipsum dolor sit amet consectetur adipiscing elit. Suspendisse sagittis libero et lorem cursus fermentum.
07/29/2013,Bank A,CA,92677,Lorem ipsum dolor sit . Call customer at (408) 933-2730. amet consectetur adipiscing elit.
07/29/2013,Bank B,MI,48382,Lorem ipsum dolor sit amet consectetur adipiscing elit. Suspendisse sagittis libero et lorem cursus fermentum.
07/29/2013,Bank C,NJ,8530,Lorem ipsum dolor sit amet consectetur adipiscing elit. Suspendisse sagittis libero . Reach customer at test@example.com. et lorem
07/29/2013,Bank D,TX,78232,Lorem ipsum dolor sit amet consectetur adipiscing elit. Suspendisse sagittis libero et lorem cursus fermentum.
07/29/2013,Bank C,GA,30041,Lorem ipsum dolor sit amet consectetur adipiscing elit. Suspendisse sagittis . Call customer at (408) 933-2730. libero
07/29/2013,Bank A,TX,77381,Lorem ipsum dolor sit amet consectetur adipiscing elit. Suspendisse sagittis libero et lorem cursus fermentum.
07/29/2013,Bank D,MA,2368,Lorem ipsum dolor sit amet consectetur adipiscing . Call customer at (408) 933-2730. elit.
07/29/2013,Bank B,FL,33133,Lorem ipsum dolor sit amet consectetur adipiscing elit. Suspendisse sagittis libero et lorem cursus fermentum.
07/29/2013,Bank C,NY,11101,Lorem ipsum dolor sit amet consectetur adipiscing elit. Suspendisse sagittis . Reach customer at test@example.com. libero et lorem
07/29/2013,Bank D,CA,91701,Lorem ipsum dolor sit amet consectetur adipiscing elit. Suspendisse sagittis libero et lorem cursus fermentum.
07/29/2013,Bank A,KY,42303,Lorem ipsum . Reach customer at test@example.com.
07/29/2013,Bank C,TN,37218,Lorem ipsum dolor sit amet consectetur adipiscing elit. Suspendisse sagittis libero et lorem cursus fermentum.
07/29/2013,Bank D,NJ,8618,Lorem ipsum dolor sit amet consectetur . Call customer at (408) 933-2730.
07/29/2013,Bank D,GA,30135,Lorem ipsum dolor sit amet consectetur adipiscing elit. Suspendisse sagittis libero et lorem cursus fermentum.
07/29/2013,Bank B,MO,64725,Lorem ipsum dolor sit amet consectetur adipiscing elit. Suspendisse . Reach customer at test@example.com. sagittis libero
07/29/2013,Bank A,MN,55414,Lorem ipsum dolor sit amet consectetur adipiscing elit. Suspendisse sagittis libero et lorem cursus fermentum.
07/29/2013,Bank A,FL,32226,Lorem ipsum dolor sit amet consectetur adipiscing elit. Suspendisse sagittis . Reach customer at test@example.com. libero
07/29/2013,Bank C,CA,92277,Lorem ipsum dolor sit amet consectetur adipiscing elit. Suspendisse sagittis libero et lorem cursus fermentum.
07/29/2013,Bank C,TN,37806,Lorem ipsum dolor sit amet consectetur . Call customer at (408) 933-2730. adipiscing elit. Suspendisse sagittis
07/29/2013,Bank D,MA,2043,Lorem ipsum dolor sit amet consectetur adipiscing elit. Suspendisse sagittis libero et lorem cursus fermentum.
07/29/2013,Bank B,CA,91741,Lorem ipsum dolor sit amet consectetur adipiscing elit. . Call customer at (408) 933-2730. Suspendisse sagittis libero et lorem
07/29/2013,Bank D,CA,91320,Lorem ipsum dolor sit amet consectetur adipiscing elit. Suspendisse sagittis libero et lorem cursus fermentum.
07/29/2013,Bank B,WI,53066,Lorem ipsum dolor sit amet consectetur adipiscing elit. Suspendisse sagittis . Reach customer at test@example.com. libero et lorem cursus
07/29/2013,Bank A,CA,95765,Lorem ipsum dolor sit amet consectetur adipiscing elit. Suspendisse sagittis libero et lorem cursus fermentum.
07/29/2013,Bank A,CA,95363,Lorem ipsum dolor sit amet consectetur . Reach customer at test@example.com. adipiscing elit. Suspendisse
07/29/2013,Bank B,WY,82605,Lorem ipsum dolor sit amet consectetur adipiscing elit. Suspendisse sagittis libero et lorem cursus fermentum.
07/29/2013,Bank D,TX,77386,Lorem ipsum dolor sit amet consectetur adipiscing . Reach customer at test@example.com. elit. Suspendisse
07/29/2013,Bank C,NY,10038,Lorem ipsum dolor sit amet consectetur adipiscing elit. Suspendisse sagittis libero et lorem cursus fermentum.
07/29/2013,Bank C,VA,24112,Lorem ipsum dolor sit amet consectetur adipiscing elit. Suspendisse . Reach customer at test@example.com. sagittis libero et lorem
07/29/2013,Bank C,NY,11716,Lorem ipsum dolor sit amet consectetur adipiscing elit. Suspendisse sagittis libero et lorem cursus fermentum.
07/29/2013,Bank B,CT,6514,Lorem ipsum dolor sit amet consectetur adipiscing elit. Suspendisse sagittis libero . Reach customer at test@example.com.
07/29/2013,Bank D,CT,6514,Lorem ipsum dolor sit amet consectetur adipiscing elit. Suspendisse sagittis libero et lorem cursus fermentum.
07/29/2013,Bank A,VT,5770,Lorem . Call customer at (408) 933-2730. ipsum dolor sit amet consectetur adipiscing elit. Suspendisse sagittis libero et lorem
07/30/2013,Bank D,MI,48238,Lorem ipsum dolor sit amet consectetur adipiscing elit. Suspendisse sagittis libero et lorem cursus fermentum.
07/29/2013,Bank B,NY,11030,Lorem ipsum dolor sit amet consectetur adipiscing . Reach customer at test@example.com. elit. Suspendisse sagittis
07/30/2013,Bank A,NV,89108,Lorem ipsum dolor sit amet consectetur adipiscing elit. Suspendisse sagittis libero et lorem cursus fermentum.
07/30/2013,Bank A,CA,95219,Lorem ipsum dolor sit amet consectetur adipiscing elit. Suspendisse . Reach customer at test@example.com. sagittis libero et lorem cursus
07/29/2013,Bank C,NJ,7656,Lorem ipsum dolor sit amet consectetur adipiscing elit. Suspendisse sagittis libero et lorem cursus fermentum.
07/29/2013,Bank D,CO,80247,Lorem ipsum dolor sit amet . Reach customer at test@example.com. consectetur adipiscing elit.
07/30/2013,Bank A,NY,11772,Lorem ipsum dolor sit amet consectetur adipiscing elit. Suspendisse sagittis libero et lorem cursus fermentum.
07/29/2013,Bank B,FL,33326,Lorem ipsum dolor sit amet consectetur adipiscing elit. Suspendisse sagittis libero et lorem . Call customer at (408) 933-2730.
07/30/2013,Bank A,NY,10469,Lorem ipsum dolor sit amet consectetur adipiscing elit. Suspendisse sagittis libero et lorem cursus fermentum.
07/30/2013,Bank A,TX,78249,Lorem ipsum dolor sit amet consectetur adipiscing elit. Suspendisse sagittis libero et lorem . Call customer at (408) 933-2730.
07/31/2013,Bank D,GA,30680,Lorem ipsum dolor sit amet consectetur adipiscing elit. Suspendisse sagittis libero et lorem cursus fermentum.
07/29/2013,Bank D,MI,49042,Lorem ipsum dolor sit amet consectetur adipiscing elit. Suspendisse sagittis libero et . Call customer at (408) 933-2730. lorem cursus
07/29/2013,Bank B,NY,11230,Lorem ipsum dolor sit amet consectetur adipiscing elit. Suspendisse sagittis libero et lorem cursus fermentum.
07/29/2013,Bank C,CA,95020,Lorem ipsum dolor sit amet consectetur adipiscing elit. Suspendisse sagittis libero et . Call customer at (408) 933-2730. lorem cursus
07/29/2013,Bank B,AZ,85138,Lorem ipsum dolor sit amet consectetur adipiscing elit. Suspendisse sagittis libero et lorem cursus fermentum.
07/29/2013,Bank B,NY,10803,Lorem ipsum dolor sit amet consectetur adipiscing elit. Suspendisse sagittis libero . Call customer at (408) 933-2730. et lorem
07/29/2013,Bank D,MA,2126,Lorem ipsum dolor sit amet consectetur adipiscing elit. Suspendisse sagittis libero et lorem cursus fermentum.
07/31/2013,Bank C,DE,19809,Lorem ipsum dolor sit amet consectetur adipiscing elit. Suspendisse sagittis libero et lorem . Reach customer at test@example.com. cursus
07/31/2013,Bank B,NJ,7106,Lorem ipsum dolor sit amet consectetur adipiscing elit. Suspendisse sagittis libero et lorem cursus fermentum.
07/29/2013,Bank C,OH,44112,Lorem ipsum dolor . Call customer at (408) 933-2730. sit amet consectetur adipiscing
07/29/2013,Bank A,NY,14622,Lorem ipsum dolor sit amet consectetur adipiscing elit. Suspendisse sagittis libero et lorem cursus fermentum.
07/31/2013,Bank B,NY,14212,Lorem ipsum dolor sit amet consectetur . Call customer at (408) 933-2730. adipiscing elit. Suspendisse sagittis libero et
07/29/2013,Bank A,IN,47265,Lorem ipsum dolor sit amet consectetur adipiscing elit. Suspendisse sagittis libero et lorem cursus fermentum.
07/30/2013,Bank C,CO,81302,Lorem ipsum dolor sit amet consectetur adipiscing elit. Suspendisse sagittis libero et . Reach customer at test@example.com. lorem cursus
07/31/2013,Bank C,NJ,7018,Lorem ipsum dolor sit amet consectetur adipiscing elit. Suspendisse sagittis libero et lorem cursus fermentum.
07/31/2013,Bank A,NY,14212,Lorem ipsum dolor sit amet consectetur . Call customer at (408) 933-2730. adipiscing elit. Suspendisse sagittis libero et lorem
07/31/2013,Bank A,CA,95037,Lorem ipsum dolor sit amet consectetur adipiscing elit. Suspendisse sagittis libero et lorem cursus fermentum.
07/30/2013,Bank B,NY,10026,Lorem ipsum dolor sit amet . Reach customer at test@example.com. consectetur adipiscing
07/31/2013,Bank C,CA,90045,Lorem ipsum dolor sit amet consectetur adipiscing elit. Suspendisse sagittis libero et lorem cursus fermentum.
07/31/2013,Bank A,CA,91711,Lorem . Call customer at (408) 933-2730. ipsum dolor sit amet consectetur adipiscing elit. Suspendisse sagittis libero
07/30/2013,Bank C,IL,60440,Lorem ipsum dolor sit amet consectetur adipiscing elit. Suspendisse sagittis libero et lorem cursus fermentum.
07/31/2013,Bank C,FL,32747,Lorem ipsum dolor sit amet consectetur adipiscing elit. Suspendisse sagittis . Call customer at (408) 933-2730. libero et
07/30/2013,Bank D,TN,37217,Lorem ipsum dolor sit amet consectetur adipiscing elit. Suspendisse sagittis libero et lorem cursus fermentum.
07/31/2013,Bank A,DE,19668,Lorem ipsum dolor sit amet consectetur adipiscing elit. Suspendisse sagittis libero et lorem cursus . Call customer at (408) 933-2730.
07/30/2013,Bank B,CA,95409,Lorem ipsum dolor sit amet consectetur adipiscing elit. Suspendisse sagittis libero et lorem cursus fermentum.
07/30/2013,Bank D,CO,80206,Lorem ipsum dolor sit amet . Reach customer at test@example.com.
07/30/2013,Bank C,FL,34983,Lorem ipsum dolor sit amet consectetur adipiscing elit. Suspendisse sagittis libero et lorem cursus fermentum.
07/30/2013,Bank C,FL,32304,Lorem ipsum dolor sit amet consectetur . Reach customer at test@example.com. adipiscing elit. Suspendisse sagittis libero
07/30/2013,Bank D,NY,11234,Lorem ipsum dolor sit amet consectetur adipiscing elit. Suspendisse sagittis libero et lorem cursus fermentum.
07/30/2013,Bank C,SC,29412,Lorem ipsum dolor sit amet consectetur adipiscing elit. Suspendisse sagittis libero et lorem cursus . Reach customer at test@example.com.
07/31/2013,Bank B,GA,30126,Lorem ipsum dolor sit amet consectetur adipiscing elit. Suspendisse sagittis libero et lorem cursus fermentum.
07/30/2013,Bank C,CA,91320,Lorem . Call customer at (408) 933-2730. ipsum dolor sit amet consectetur adipiscing elit. Suspendisse sagittis libero et
07/31/2013,Bank C,NC,28075,Lorem ipsum dolor sit amet consectetur adipiscing elit. Suspendisse sagittis libero et lorem cursus fermentum.
07/30/2013,Bank C,MN,55390,Lorem ipsum dolor . Call customer at (408) 933-2730. sit amet consectetur adipiscing elit.
07/30/2013,Bank B,IA,50325,Lorem ipsum dolor sit amet consectetur adipiscing elit. Suspendisse sagittis libero et lorem cursus fermentum.
07/30/2013,Bank B,OH,43701,Lorem ipsum dolor sit amet consectetur adipiscing elit. Suspendisse sagittis libero . Reach customer at test@example.com.
07/31/2013,Bank B,IL,60633,Lorem ipsum dolor sit amet consectetur adipiscing elit. Suspendisse sagittis libero et lorem cursus fermentum.
07/31/2013,Bank B,NY,11205,Lorem ipsum dolor sit amet consectetur adipiscing elit. Suspendisse sagittis . Reach customer at test@example.com. libero et lorem cursus
07/30/2013,Bank B,NC,28457,Lorem ipsum dolor sit amet consectetur adipiscing elit. Suspendisse sagittis libero et lorem cursus fermentum.
07/30/2013,Bank B,AL,36526,Lorem ipsum dolor sit amet consectetur adipiscing elit. Suspendisse sagittis . Call customer at (408) 933-2730.
07/30/2013,Bank A,NJ,7111,Lorem ipsum dolor sit amet consectetur adipiscing elit. Suspendisse sagittis libero et lorem cursus fermentum.
07/31/2013,Bank B,IL,60633,Lorem ipsum dolor sit amet consectetur adipiscing . Reach customer at test@example.com. elit.
07/31/2013,Bank A,FL,33186,Lorem ipsum dolor sit amet consectetur adipiscing elit. Suspendisse sagittis libero et lorem cursus fermentum.
07/31/2013,Bank B,WI,53130,Lorem ipsum dolor sit amet consectetur adipiscing elit. Suspendisse sagittis . Call customer at (408) 933-2730. libero et
07/30/2013,Bank B,CA,93111,Lorem ipsum dolor sit amet consectetur adipiscing elit. Suspendisse sagittis libero et lorem cursus fermentum.
07/30/2013,Bank D,AL,36854,Lorem ipsum dolor sit . Call customer at (408) 933-2730. amet consectetur adipiscing
07/31/2013,Bank B,FL,33558,Lorem ipsum dolor sit amet consectetur adipiscing elit. Suspendisse sagittis libero et lorem cursus fermentum.
07/30/2013,Bank A,MA,2215,Lorem ipsum dolor sit amet consectetur adipiscing elit. Suspendisse sagittis libero . Reach customer at test@example.com. et
07/30/2013,Bank C,NV,89074,Lorem ipsum dolor sit amet consectetur adipiscing elit. Suspendisse sagittis libero et lorem cursus fermentum.
07/30/2013,Bank D,NY,12060,Lorem ipsum dolor sit amet consectetur adipiscing elit. Suspendisse sagittis . Call customer at (408) 933-2730.
07/30/2013,Bank D,TX,78239,Lorem ipsum dolor sit amet consectetur adipiscing elit. Suspendisse sagittis libero et lorem cursus fermentum.
07/31/2013,Bank A,OR,97086,Lorem . Reach customer at test@example.com. ipsum dolor sit amet
07/31/2013,Bank B,GA,30121,Lorem ipsum dolor sit amet consectetur adipiscing elit. Suspendisse sagittis libero et lorem cursus fermentum.
07/30/2013,Bank B,VA,20878,Lorem ipsum dolor sit amet consectetur adipiscing . Reach customer at test@example.com. elit. Suspendisse sagittis
07/31/2013,Bank B,MI,48439,Lorem ipsum dolor sit amet consectetur adipiscing elit. Suspendisse sagittis libero et lorem cursus fermentum.
07/30/2013,Bank C,MD,21078,Lorem ipsum . Call customer at (408) 933-2730. dolor sit amet consectetur adipiscing elit. Suspendisse sagittis libero
07/31/2013,Bank A,CT,6106,Lorem ipsum dolor sit amet consectetur adipiscing elit. Suspendisse sagittis libero et lorem cursus fermentum.
07/31/2013,Bank A,NY,11581,Lorem ipsum dolor sit amet consectetur adipiscing elit. Suspendisse sagittis libero et lorem . Reach customer at test@example.com. cursus
07/31/2013,Bank D,CA,91356,Lorem ipsum dolor sit amet consectetur adipiscing elit. Suspendisse sagittis libero et lorem cursus fermentum.
07/30/2013,Bank B,GA,30121,Lorem ipsum dolor . Call customer at (408) 933-2730. sit amet consectetur adipiscing elit. Suspendisse
07/31/2013,Bank D,CA,94565,Lorem ipsum dolor sit amet consectetur adipiscing elit. Suspendisse sagittis libero et lorem cursus fermentum.
07/30/2013,Bank B,IL,60626,Lorem ipsum dolor sit amet consectetur adipiscing elit. Suspendisse sagittis libero et lorem cursus . Reach customer at test@example.com.
07/31/2013,Bank C,OR,97236,Lorem ipsum dolor sit amet consectetur adipiscing elit. Suspendisse sagittis libero et lorem cursus fermentum.
07/30/2013,Bank D,OK,73053,Lorem ipsum dolor sit amet consectetur adipiscing elit. Suspendisse sagittis libero et lorem cursus . Call customer at (408) 933-2730.
07/30/2013,Bank D,FL,34237,Lorem ipsum dolor sit amet consectetur adipiscing elit. Suspendisse sagittis libero et lorem cursus fermentum.
07/31/2013,Bank C,MO,63456,Lorem . Reach customer at test@example.com. ipsum dolor sit amet consectetur
07/30/2013,Bank B,MO,64048,Lorem ipsum dolor sit amet consectetur adipiscing elit. Suspendisse sagittis libero et lorem cursus fermentum.
07/31/2013,Bank D,CA,95117,Lorem ipsum dolor sit amet . Reach customer at test@example.com. consectetur adipiscing elit. Suspendisse sagittis libero et
07/30/2013,Bank B,SC,29212,Lorem ipsum dolor sit amet consectetur adipiscing elit. Suspendisse sagittis libero et lorem cursus fermentum.
07/31/2013,Bank D,TX,77551,Lorem ipsum dolor sit amet consectetur adipiscing elit. Suspendisse sagittis libero . Reach customer at test@example.com. et lorem
07/31/2013,Bank C,MT,59446,Lorem ipsum dolor sit amet consectetur adipiscing elit. Suspendisse sagittis libero et lorem cursus fermentum.
07/31/2013,Bank B,AL,35124,Lorem ipsum dolor sit amet consectetur adipiscing elit. Suspendisse sagittis libero et lorem . Call customer at (408) 933-2730. cursus
07/30/2013,Bank A,NH,3431,Lorem ipsum dolor sit amet consectetur adipiscing elit. Suspendisse sagittis libero et lorem cursus fermentum.
07/31/2013,Bank B,NY,14623,Lorem ipsum dolor sit amet consectetur adipiscing elit. Suspendisse sagittis libero et . Call customer at (408) 933-2730. lorem
07/31/2013,Bank D,PA,19015,Lorem ipsum dolor sit amet consectetur adipiscing elit. Suspendisse sagittis libero et lorem cursus fermentum.
07/30/2013,Bank A,TX,76706,Lorem ipsum dolor sit amet . Reach customer at test@example.com. consectetur adipiscing elit.
07/30/2013,Bank B,IL,62650,Lorem ipsum dolor sit amet consectetur adipiscing elit. Suspendisse sagittis libero et lorem cursus fermentum.
07/30/2013,Bank C,IL,60601,Lorem ipsum dolor sit amet consectetur adipiscing . Call customer at (408) 933-2730. elit. Suspendisse sagittis libero et lorem cursus
07/30/2013,Bank D,MD,20878,Lorem ipsum dolor sit amet consectetur adipiscing elit. Suspendisse sagittis libero et lorem cursus fermentum.
07/31/2013,Bank C,NY,14623,Lorem ipsum dolor sit amet consectetur adipiscing elit. Suspendisse sagittis libero et lorem . Call customer at (408) 933-2730.
07/30/2013,Bank D,CO,80520,Lorem ipsum dolor sit amet consectetur adipiscing elit. Suspendisse sagittis libero et lorem cursus fermentum.
07/31/2013,Bank A,AL,35124,Lorem ipsum dolor sit amet consectetur adipiscing elit. Suspendisse sagittis libero . Reach customer at test@example.com. et lorem
07/30/2013,Bank D,NJ,7869,Lorem ipsum dolor sit amet consectetur adipiscing elit. Suspendisse sagittis libero et lorem cursus fermentum.
07/31/2013,Bank C,CA,91214,Lorem ipsum dolor sit amet consectetur adipiscing elit. . Call customer at (408) 933-2730. Suspendisse sagittis libero et lorem
07/31/2013,Bank C,MO,65203,Lorem ipsum dolor sit amet consectetur adipiscing elit. Suspendisse sagittis libero et lorem cursus fermentum.
07/31/2013,Bank D,NJ,8850,Lorem ipsum dolor sit amet consectetur adipiscing elit. Suspendisse . Reach customer at test@example.com. sagittis libero et lorem cursus
07/31/2013,Bank C,CA,92610,Lorem ipsum dolor sit amet consectetur adipiscing elit. Suspendisse sagittis libero et lorem cursus fermentum.
07/31/2013,Bank D,NC,27705,Lorem ipsum dolor sit amet consectetur adipiscing elit. Suspendisse sagittis libero et lorem cursus . Call customer at (408) 933-2730.
07/31/2013,Bank B,CT,6016,Lorem ipsum dolor sit amet consectetur adipiscing elit. Suspendisse sagittis libero et lorem cursus fermentum.
07/31/2013,Bank A,MD,20667,Lorem ipsum dolor sit amet consectetur adipiscing elit. Suspendisse sagittis libero et lorem cursus . Reach customer at test@example.com.
07/30/2013,Bank A,CA,90808,Lorem ipsum dolor sit amet consectetur adipiscing elit. Suspendisse sagittis libero et lorem cursus fermentum.
07/31/2013,Bank C,CA,95678,Lorem ipsum dolor sit amet consectetur adipiscing elit. Suspendisse sagittis . Call customer at (408) 933-2730. libero
07/31/2013,Bank A,PA,19002,Lorem ipsum dolor sit amet consectetur adipiscing elit. Suspendisse sagittis libero et lorem cursus fermentum.
07/31/2013,Bank D,GA,31024,Lorem ipsum dolor sit amet consectetur adipiscing elit. Suspendisse sagittis libero et lorem cursus . Reach customer at test@example.com.
07/31/2013,Bank B,FL,33060,Lorem ipsum dolor sit amet consectetur adipiscing elit. Suspendisse sagittis libero et lorem cursus fermentum.
07/30/2013,Bank D,KS,66062,Lorem ipsum dolor . Call customer at (408) 933-2730. sit amet consectetur adipiscing elit. Suspendisse sagittis libero et lorem
07/31/2013,Bank A,GA,30566,Lorem ipsum dolor sit amet consectetur adipiscing elit. Suspendisse sagittis libero et lorem cursus fermentum.
07/31/2013,Bank C,TX,75025,Lorem ipsum dolor sit . Reach customer at test@example.com. amet consectetur adipiscing elit. Suspendisse sagittis libero et
07/30/2013,Bank B,FL,32404,Lorem ipsum dolor sit amet consectetur adipiscing elit. Suspendisse sagittis libero et lorem cursus fermentum.
07/31/2013,Bank D,CA,92504,Lorem ipsum dolor sit amet consectetur adipiscing elit. Suspendisse sagittis libero . Call customer at (408) 933-2730. et
07/31/2013,Bank B,MI,48240,Lorem ipsum dolor sit amet consectetur adipiscing elit. Suspendisse sagittis libero et lorem cursus fermentum.
07/31/2013,Bank B,ME,4005,Lorem ipsum dolor sit amet consectetur adipiscing elit. Suspendisse . Call customer at (408) 933-2730. sagittis
07/30/2013,Bank C,MD,21843,Lorem ipsum dolor sit amet consectetur adipiscing elit. Suspendisse sagittis libero et lorem cursus fermentum.
07/31/2013,Bank D,CO,80917,Lorem ipsum dolor sit . Reach customer at test@example.com.
07/31/2013,Bank D,FL,33146,Lorem ipsum dolor sit amet consectetur adipiscing elit. Suspendisse sagittis libero et lorem cursus fermentum.
07/31/2013,Bank D,FL,33146,Lorem ipsum dolor sit amet consectetur adipiscing elit. Suspendisse . Call customer at (408) 933-2730. sagittis libero
07/31/2013,Bank A,FL,33146,Lorem ipsum dolor sit amet consectetur adipiscing elit. Suspendisse sagittis libero et lorem cursus fermentum.
07/31/2013,Bank A,HI,96813,Lorem ipsum dolor sit amet consectetur . Reach customer at test@example.com. adipiscing elit.
07/31/2013,Bank D,FL,33993,Lorem ipsum dolor sit amet consectetur adipiscing elit. Suspendisse sagittis libero et lorem cursus fermentum.
07/30/2013,Bank A,NV,89014,Lorem ipsum dolor sit amet consectetur adipiscing . Reach customer at test@example.com. elit. Suspendisse sagittis
07/30/2013,Bank C,NJ,7506,Lorem ipsum dolor sit amet consectetur adipiscing elit. Suspendisse sagittis libero et lorem cursus fermentum.
07/30/2013,Bank B,MA,2119,Lorem ipsum dolor sit amet consectetur adipiscing elit. Suspendisse sagittis libero . Call customer at (408) 933-2730.
07/31/2013,Bank B,GA,30349,Lorem ipsum dolor sit amet consectetur adipiscing elit. Suspendisse sagittis libero et lorem cursus fermentum.
07/31/2013,Bank B,CA,91364,Lorem ipsum dolor sit amet consectetur . Reach customer at test@example.com. adipiscing elit. Suspendisse
07/31/2013,Bank B,NC,27407,Lorem ipsum dolor sit amet consectetur adipiscing elit. Suspendisse sagittis libero et lorem cursus fermentum.
07/31/2013,Bank B,CO,80126,Lorem ipsum dolor sit amet consectetur adipiscing elit. Suspendisse sagittis libero . Call customer at (408) 933-2730. et lorem cursus
07/31/2013,Bank D,,,Lorem ipsum dolor sit amet consectetur adipiscing elit. Suspendisse sagittis libero et lorem cursus fermentum.
07/31/2013,Bank C,MD,20607,Lorem ipsum dolor sit amet consectetur adipiscing . Reach customer at test@example.com. elit. Suspendisse sagittis libero et lorem
07/31/2013,Bank A,CO,80917,Lorem ipsum dolor sit amet consectetur adipiscing elit. Suspendisse sagittis libero et lorem cursus fermentum.
07/30/2013,Bank D,TX,76107,Lorem ipsum dolor sit amet consectetur adipiscing elit. Suspendisse sagittis libero . Call customer at (408) 933-2730. et
07/31/2013,Bank D,NJ,7005,Lorem ipsum dolor sit amet consectetur adipiscing elit. Suspendisse sagittis libero et lorem cursus fermentum.
07/30/2013,Bank A,MI,48141,Lorem . Call customer at (408) 933-2730.
07/31/2013,Bank B,IL,60201,Lorem ipsum dolor sit amet consectetur adipiscing elit. Suspendisse sagittis libero et lorem cursus fermentum.
07/31/2013,Bank C,OH,43220,Lorem ipsum dolor sit amet . Reach customer at test@example.com. consectetur adipiscing elit. Suspendisse sagittis libero et lorem
07/31/2013,Bank A,FL,34120,Lorem ipsum dolor sit amet consectetur adipiscing elit. Suspendisse sagittis libero et lorem cursus fermentum.
07/30/2013,Bank A,FL,32351,Lorem ipsum dolor sit . Reach customer at test@example.com. amet consectetur adipiscing elit. Suspendisse sagittis libero et lorem
07/30/2013,Bank A,OR,97209,Lorem ipsum dolor sit amet consectetur adipiscing elit. Suspendisse sagittis libero et lorem cursus fermentum.
07/31/2013,Bank D,NY,11234,Lorem ipsum dolor sit amet consectetur . Reach customer at test@example.com. adipiscing elit.
07/31/2013,Bank B,CA,90404,Lorem ipsum dolor sit amet consectetur adipiscing elit. Suspendisse sagittis libero et lorem cursus fermentum.
07/30/2013,Bank C,WA,98444,Lorem ipsum dolor sit amet consectetur adipiscing . Call customer at (408) 933-2730. elit. Suspendisse sagittis libero et
07/31/2013,Bank A,AZ,85143,Lorem ipsum dolor sit amet consectetur adipiscing elit. Suspendisse sagittis libero et lorem cursus fermentum.
07/31/2013,Bank B,WI,53937,Lorem ipsum dolor . Call customer at (408) 933-2730. sit amet consectetur adipiscing elit.
07/31/2013,Bank C,GA,30035,Lorem ipsum dolor sit amet consectetur adipiscing elit. Suspendisse sagittis libero et lorem cursus fermentum.
07/31/2013,Bank A,FL,32746,Lorem ipsum . Call customer at (408) 933-2730. dolor sit amet consectetur adipiscing
07/30/2013,Bank A,NV,89122,Lorem ipsum dolor sit amet consectetur adipiscing elit. Suspendisse sagittis libero et lorem cursus fermentum.
07/31/2013,Bank C,ID,83639,Lorem ipsum dolor sit amet . Reach customer at test@example.com. consectetur adipiscing elit. Suspendisse sagittis libero et lorem
07/31/2013,Bank D,WA,98391,Lorem ipsum dolor sit amet consectetur adipiscing elit. Suspendisse sagittis libero et lorem cursus fermentum.
07/30/2013,Bank D,VT,5069,Lorem ipsum dolor sit amet consectetur adipiscing . Call customer at (408) 933-2730. elit.
07/30/2013,Bank C,GA,31904,Lorem ipsum dolor sit amet consectetur adipiscing elit. Suspendisse sagittis libero et lorem cursus fermentum.
07/30/2013,Bank B,NJ,8618,Lorem ipsum dolor . Call customer at (408) 933-2730. sit amet
07/30/2013,Bank C,MD,20880,Lorem ipsum dolor sit amet consectetur adipiscing elit. Suspendisse sagittis libero et lorem cursus fermentum.
07/30/2013,Bank B,NV,89135,Lorem ipsum dolor sit . Reach customer at test@example.com. amet consectetur adipiscing elit. Suspendisse sagittis libero
07/30/2013,Bank D,RI,2861,Lorem ipsum dolor sit amet consectetur adipiscing elit. Suspendisse sagittis libero et lorem cursus fermentum.
07/30/2013,Bank D,PR,984,Lorem . Call customer at (408) 933-2730. ipsum dolor sit amet consectetur adipiscing elit. Suspendisse sagittis libero
07/31/2013,Bank C,MD,20601,Lorem ipsum dolor sit amet consectetur adipiscing elit. Suspendisse sagittis libero et lorem cursus fermentum.
07/31/2013,Bank D,GA,30043,Lorem ipsum dolor sit amet consectetur adipiscing elit. Suspendisse sagittis libero et . Call customer at (408) 933-2730. lorem
07/31/2013,Bank A,TX,79403,Lorem ipsum dolor sit amet consectetur adipiscing elit. Suspendisse sagittis libero et lorem cursus fermentum.
07/30/2013,Bank B,OR,97124,Lorem ipsum dolor sit amet consectetur adipiscing . Reach customer at test@example.com. elit. Suspendisse sagittis libero et lorem cursus
07/30/2013,Bank C,NY,10038,Lorem ipsum dolor sit amet consectetur adipiscing elit. Suspendisse sagittis libero et lorem cursus fermentum.
07/30/2013,Bank A,CA,92881,Lorem ipsum dolor sit amet consectetur adipiscing elit. Suspendisse sagittis . Call customer at (408) 933-2730. libero et lorem
07/30/2013,Bank C,CA,95692,Lorem ipsum dolor sit amet consectetur adipiscing elit. Suspendisse sagittis libero et lorem cursus fermentum.
07/30/2013,Bank B,IL,60620,Lorem ipsum dolor sit amet consectetur adipiscing elit. Suspendisse sagittis libero et lorem cursus . Reach customer at test@example.com.
07/31/2013,Bank B,NM,87110,Lorem ipsum dolor sit amet consectetur adipiscing elit. Suspendisse sagittis libero et lorem cursus fermentum.
07/31/2013,Bank A,VA,22203,Lorem ipsum dolor . Reach customer at test@example.com. sit amet consectetur adipiscing elit. Suspendisse sagittis libero et
07/31/2013,Bank D,CA,95129,Lorem ipsum dolor sit amet consectetur adipiscing elit. Suspendisse sagittis libero et lorem cursus fermentum.
07/30/2013,Bank B,NY,12859,Lorem ipsum dolor sit amet consectetur adipiscing elit. Suspendisse sagittis . Call customer at (408) 933-2730. libero et lorem cursus
07/30/2013,Bank C,MA,2132,Lorem ipsum dolor sit amet consectetur adipiscing elit. Suspendisse sagittis libero et lorem cursus fermentum.
07/31/2013,Bank A,GA,30312,Lorem ipsum dolor sit amet consectetur adipiscing elit. Suspendisse sagittis libero et lorem cursus . Call customer at (408) 933-2730.
07/30/2013,Bank A,MI,49423,Lorem ipsum dolor sit amet consectetur adipiscing elit. Suspendisse sagittis libero et lorem cursus fermentum.
07/31/2013,Bank B,KS,66002,Lorem ipsum dolor sit amet consectetur . Reach customer at test@example.com. adipiscing elit. Suspendisse sagittis
07/30/2013,Bank B,GA,31805,Lorem ipsum dolor sit amet consectetur adipiscing elit. Suspendisse sagittis libero et lorem cursus fermentum.
07/31/2013,Bank C,CA,91307,Lorem ipsum dolor sit amet consectetur adipiscing elit. Suspendisse . Reach customer at test@example.com. sagittis
07/30/2013,Bank C,MI,48429,Lorem ipsum dolor sit amet consectetur adipiscing elit. Suspendisse sagittis libero et lorem cursus fermentum.
07/31/2013,Bank B,MD,21403,Lorem ipsum dolor sit amet consectetur adipiscing elit. . Call customer at (408) 933-2730. Suspendisse sagittis libero et lorem
07/30/2013,Bank C,NY,11694,Lorem ipsum dolor sit amet consectetur adipiscing elit. Suspendisse sagittis libero et lorem cursus fermentum.
07/30/2013,Bank D,NV,89423,Lorem ipsum dolor sit amet . Reach customer at test@example.com. consectetur adipiscing elit. Suspendisse sagittis libero et
07/30/2013,Bank B,CA,92677,Lorem ipsum dolor sit amet consectetur adipiscing elit. Suspendisse sagittis libero et lorem cursus fermentum.
07/22/2013,Bank A,TX,76116,Lorem ipsum . Reach customer at test@example.com. dolor sit amet consectetur adipiscing elit.
07/30/2013,Bank A,CA,92065,Lorem ipsum dolor sit amet consectetur adipiscing elit. Suspendisse sagittis libero et lorem cursus fermentum.
07/31/2013,Bank A,MO,65202,Lorem ipsum dolor sit amet consectetur adipiscing elit. Suspendisse . Reach customer at test@example.com. sagittis
07/22/2013,Bank B,OH,45242,Lorem ipsum dolor sit amet consectetur adipiscing elit. Suspendisse sagittis libero et lorem cursus fermentum.
07/31/2013,Bank A,IL,60409,Lorem ipsum dolor sit . Call customer at (408) 933-2730. amet consectetur adipiscing elit. Suspendisse sagittis libero
07/31/2013,Bank D,TN,38134,Lorem ipsum dolor sit amet consectetur adipiscing elit. Suspendisse sagittis libero et lorem cursus fermentum.
07/31/2013,Bank A,GA,30296,Lorem . Reach customer at test@example.com. ipsum dolor
07/30/2013,Bank D,VA,22306,Lorem ipsum dolor sit amet consectetur adipiscing elit. Suspendisse sagittis libero et lorem cursus fermentum.
07/31/2013,Bank A,PA,18346,Lorem ipsum dolor sit amet consectetur . Call customer at (408) 933-2730. adipiscing elit. Suspendisse
07/22/2013,Bank A,CA,93277,Lorem ipsum dolor sit amet consectetur adipiscing elit. Suspendisse sagittis libero et lorem cursus fermentum.
07/22/2013,Bank C,CA,92555,Lorem ipsum dolor sit amet consectetur . Reach customer at test@example.com. adipiscing elit. Suspendisse sagittis
07/30/2013,Bank B,NY,11372,Lorem ipsum dolor sit amet consectetur adipiscing elit. Suspendisse sagittis libero et lorem cursus fermentum.
07/22/2013,Bank A,NY,11702,Lorem ipsum dolor sit amet consectetur adipiscing elit. Suspendisse sagittis libero et lorem cursus . Reach customer at test@example.com.
07/30/2013,Bank D,TX,79339,Lorem ipsum dolor sit amet consectetur adipiscing elit. Suspendisse sagittis libero et lorem cursus fermentum.
07/31/2013,Bank C,PA,19142,Lorem ipsum dolor sit amet consectetur adipiscing elit. Suspendisse sagittis libero et lorem . Call customer at (408) 933-2730.
07/22/2013,Bank A,SC,29662,Lorem ipsum dolor sit amet consectetur adipiscing elit. Suspendisse sagittis libero et lorem cursus fermentum.
07/30/2013,Bank B,IL,60401,Lorem ipsum dolor sit amet consectetur . Call customer at (408) 933-2730.
07/30/2013,Bank A,VA,23703,Lorem ipsum dolor sit amet consectetur adipiscing elit. Suspendisse sagittis libero et lorem cursus fermentum.
07/30/2013,Bank D,CA,94124,Lorem ipsum dolor sit . Reach customer at test@example.com. amet consectetur adipiscing elit. Suspendisse sagittis libero et
07/31/2013,Bank D,PA,19142,Lorem ipsum dolor sit amet consectetur adipiscing elit. Suspendisse sagittis libero et lorem cursus fermentum.
07/31/2013,Bank B,AZ,85142,Lorem ipsum dolor sit amet consectetur adipiscing . Reach customer at test@example.com. elit. Suspendisse sagittis libero et lorem cursus
07/22/2013,Bank A,CO,80526,Lorem ipsum dolor sit amet consectetur adipiscing elit. Suspendisse sagittis libero et lorem cursus fermentum.
07/30/2013,Bank C,CA,92109,Lorem ipsum . Call customer at (408) 933-2730. dolor sit amet consectetur adipiscing
07/30/2013,Bank A,WA,98021,Lorem ipsum dolor sit amet consectetur adipiscing elit. Suspendisse sagittis libero et lorem cursus fermentum.
07/30/2013,Bank A,FL,32205,Lorem ipsum dolor sit amet consectetur adipiscing elit. Suspendisse . Call customer at (408) 933-2730. sagittis libero et lorem cursus
07/22/2013,Bank C,KS,66213,Lorem ipsum dolor sit amet consectetur adipiscing elit. Suspendisse sagittis libero et lorem cursus fermentum.
07/31/2013,Bank B,CA,95405,Lorem ipsum dolor sit amet consectetur . Call customer at (408) 933-2730. adipiscing elit. Suspendisse sagittis
07/31/2013,Bank A,VA,22182,Lorem ipsum dolor sit amet consectetur adipiscing elit. Suspendisse sagittis libero et lorem cursus fermentum.
07/22/2013,Bank A,TX,75212,Lorem ipsum dolor sit amet consectetur adipiscing elit. . Reach customer at test@example.com. Suspendisse sagittis
08/06/2013,Bank B,OR,97478,Lorem ipsum dolor sit amet consectetur adipiscing elit. Suspendisse sagittis libero et lorem cursus fermentum.
07/22/2013,Bank B,CO,80550,Lorem ipsum dolor sit . Reach customer at test@example.com. amet consectetur adipiscing elit. Suspendisse sagittis libero
07/31/2013,Bank B,CA,93510,Lorem ipsum dolor sit amet consectetur adipiscing elit. Suspendisse sagittis libero et lorem cursus fermentum.
07/22/2013,Bank A,IL,60302,Lorem ipsum dolor sit amet consectetur adipiscing elit. Suspendisse sagittis libero et lorem cursus . Reach customer at test@example.com.
07/30/2013,Bank D,VA,23664,Lorem ipsum dolor sit amet consectetur adipiscing elit. Suspendisse sagittis libero et lorem cursus fermentum.
07/22/2013,Bank D,VA,20152,Lorem ipsum dolor sit amet consectetur adipiscing elit. Suspendisse . Call customer at (408) 933-2730. sagittis libero et lorem cursus
07/30/2013,Bank B,WA,98424,Lorem ipsum dolor sit amet consectetur adipiscing elit. Suspendisse sagittis libero et lorem cursus fermentum.
08/06/2013,Bank D,NV,89129,Lorem ipsum dolor sit amet consectetur adipiscing elit. Suspendisse sagittis libero et lorem cursus . Call customer at (408) 933-2730.
08/06/2013,Bank C,OK,73661,Lorem ipsum dolor sit amet consectetur adipiscing elit. Suspendisse sagittis libero et lorem cursus fermentum.
08/06/2013,Bank A,GA,30233,Lorem ipsum dolor . Call customer at (408) 933-2730. sit amet
07/22/2013,Bank A,CA,92119,Lorem ipsum dolor sit amet consectetur adipiscing elit. Suspendisse sagittis libero et lorem cursus fermentum.
08/06/2013,Bank B,MD,20743,Lorem ipsum dolor sit amet . Reach customer at test@example.com. consectetur adipiscing elit. Suspendisse sagittis
08/06/2013,Bank C,NY,11978,Lorem ipsum dolor sit amet consectetur adipiscing elit. Suspendisse sagittis libero et lorem cursus fermentum.
07/31/2013,Bank B,CA,91359,Lorem ipsum dolor sit amet consectetur adipiscing elit. Suspendisse . Call customer at (408) 933-2730. sagittis libero et
07/31/2013,Bank B,OH,43224,Lorem ipsum dolor sit amet consectetur adipiscing elit. Suspendisse sagittis libero et lorem cursus fermentum.
08/06/2013,Bank D,FL,32607,Lorem ipsum dolor sit amet consectetur adipiscing elit. Suspendisse sagittis libero et lorem . Reach customer at test@example.com.
07/31/2013,Bank D,MA,2149,Lorem ipsum dolor sit amet consectetur adipiscing elit. Suspendisse sagittis libero et lorem cursus fermentum.
07/31/2013,Bank D,NY,10305,Lorem ipsum dolor sit . Call customer at (408) 933-2730. amet consectetur adipiscing elit. Suspendisse sagittis libero
08/06/2013,Bank A,OH,45248,Lorem ipsum dolor sit amet consectetur adipiscing elit. Suspendisse sagittis libero et lorem cursus fermentum.
08/06/2013,Bank B,MA,1852,Lorem ipsum dolor sit amet consectetur adipiscing elit. Suspendisse sagittis libero . Call customer at (408) 933-2730.
07/22/2013,Bank D,CA,92119,Lorem ipsum dolor sit amet consectetur adipiscing elit. Suspendisse sagittis libero et lorem cursus fermentum.
07/31/2013,Bank B,NJ,7728,Lorem ipsum dolor sit amet . Reach customer at test@example.com. consectetur adipiscing elit. Suspendisse
08/06/2013,Bank B,IL,60618,Lorem ipsum dolor sit amet consectetur adipiscing elit. Suspendisse sagittis libero et lorem cursus fermentum.
08/06/2013,Bank D,NY,14750,Lorem ipsum dolor sit amet consectetur . Call customer at (408) 933-2730. adipiscing elit. Suspendisse sagittis libero et
07/31/2013,Bank D,GA,30260,Lorem ipsum dolor sit amet consectetur adipiscing elit. Suspendisse sagittis libero et lorem cursus fermentum.
07/31/2013,Bank D,GA,30663,Lorem ipsum dolor sit . Reach customer at test@example.com. amet consectetur adipiscing elit. Suspendisse sagittis
08/06/2013,Bank D,TX,75098,Lorem ipsum dolor sit amet consectetur adipiscing elit. Suspendisse sagittis libero et lorem cursus fermentum.
07/31/2013,Bank D,NY,11778,Lorem ipsum dolor sit . Call customer at (408) 933-2730. amet consectetur adipiscing elit. Suspendisse sagittis libero et
07/31/2013,Bank D,FL,32774,Lorem ipsum dolor sit amet consectetur adipiscing elit. Suspendisse sagittis libero et lorem cursus fermentum.
07/31/2013,Bank A,MD,20781,Lorem ipsum dolor sit amet consectetur adipiscing elit. . Call customer at (408) 933-2730. Suspendisse
07/31/2013,Bank C,CA,92656,Lorem ipsum dolor sit amet consectetur adipiscing elit. Suspendisse sagittis libero et lorem cursus fermentum.
07/22/2013,Bank C,CA,95376,Lorem ipsum dolor sit amet consectetur adipiscing elit. Suspendisse sagittis libero et lorem . Reach customer at test@example.com.
08/06/2013,Bank B,IL,60631,Lorem ipsum dolor sit amet consectetur adipiscing elit. Suspendisse sagittis libero et lorem cursus fermentum.
07/31/2013,Bank D,CA,91364,Lorem ipsum dolor sit amet consectetur adipiscing . Reach customer at test@example.com. elit. Suspendisse sagittis libero
07/31/2013,Bank C,CA,90807,Lorem ipsum dolor sit amet consectetur adipiscing elit. Suspendisse sagittis libero et lorem cursus fermentum.
07/31/2013,Bank B,CO,80162,Lorem ipsum dolor sit amet consectetur adipiscing elit. Suspendisse sagittis libero . Call customer at (408) 933-2730. et lorem cursus
07/22/2013,Bank C,NY,14215,Lorem ipsum dolor sit amet consectetur adipiscing elit. Suspendisse sagittis libero et lorem cursus fermentum.
07/31/2013,Bank B,MN,55044,Lorem ipsum dolor sit amet consectetur adipiscing elit. Suspendisse sagittis libero et lorem . Call customer at (408) 933-2730. cursus
07/31/2013,Bank C,NJ,7666,Lorem ipsum dolor sit amet consectetur adipiscing elit. Suspendisse sagittis libero et lorem cursus fermentum.
07/31/2013,Bank B,LA,70737,Lorem ipsum dolor . Reach customer at test@example.com. sit amet consectetur adipiscing elit. Suspendisse
08/06/2013,Bank B,TN,37122,Lorem ipsum dolor sit amet consectetur adipiscing elit. Suspendisse sagittis libero et lorem cursus fermentum.
07/22/2013,Bank B,CO,80222,Lorem ipsum dolor sit amet consectetur adipiscing . Call customer at (408) 933-2730. elit.
07/22/2013,Bank C,TX,76036,Lorem ipsum dolor sit amet consectetur adipiscing elit. Suspendisse sagittis libero et lorem cursus fermentum.
08/06/2013,Bank D,FL,33428,Lorem ipsum dolor sit amet consectetur adipiscing elit. Suspendisse . Call customer at (408) 933-2730. sagittis libero et
07/31/2013,Bank A,NY,11238,Lorem ipsum dolor sit amet consectetur adipiscing elit. Suspendisse sagittis libero et lorem cursus fermentum.
08/06/2013,Bank D,CA,92626,Lorem ipsum dolor sit amet consectetur adipiscing elit. Suspendisse sagittis libero et . Reach customer at test@example.com.
08/06/2013,Bank C,PA,18360,Lorem ipsum dolor sit amet consectetur adipiscing elit. Suspendisse sagittis libero et lorem cursus fermentum.
07/22/2013,Bank D,DE,19711,Lorem ipsum dolor sit amet consectetur adipiscing elit. Suspendisse sagittis libero . Reach customer at test@example.com. et lorem cursus
07/22/2013,Bank B,NY,11950,Lorem ipsum dolor sit amet consectetur adipiscing elit. Suspendisse sagittis libero et lorem cursus fermentum.
08/06/2013,Bank A,CA,91307,Lorem ipsum dolor sit . Call customer at (408) 933-2730. amet
08/06/2013,Bank B,IL,60005,Lorem ipsum dolor sit amet consectetur adipiscing elit. Suspendisse sagittis libero et lorem cursus fermentum.
08/01/2013,Bank B,IL,60619,Lorem ipsum dolor sit amet consectetur adipiscing elit. Suspendisse sagittis libero et lorem cursus . Reach customer at test@example.com.
07/23/2013,Bank C,FL,32068,Lorem ipsum dolor sit amet consectetur adipiscing elit. Suspendisse sagittis libero et lorem cursus fermentum.
08/01/2013,Bank D,CA,90043,Lorem . Reach customer at test@example.com. ipsum dolor sit amet consectetur adipiscing elit. Suspendisse sagittis libero et lorem
08/06/2013,Bank A,NJ,8753,Lorem ipsum dolor sit amet consectetur adipiscing elit. Suspendisse sagittis libero et lorem cursus fermentum.
08/01/2013,Bank D,NH,3101,Lorem ipsum dolor sit amet consectetur adipiscing elit. Suspendisse sagittis libero et lorem cursus . Call customer at (408) 933-2730.
07/23/2013,Bank A,LA,70814,Lorem ipsum dolor sit amet consectetur adipiscing elit. Suspendisse sagittis libero et lorem cursus fermentum.
07/23/2013,Bank C,FL,33032,Lorem ipsum dolor sit amet consectetur . Call customer at (408) 933-2730. adipiscing elit. Suspendisse
08/06/2013,Bank C,NC,28348,Lorem ipsum dolor sit amet consectetur adipiscing elit. Suspendisse sagittis libero et lorem cursus fermentum.
08/01/2013,Bank A,CA,94533,Lorem ipsum dolor sit amet consectetur adipiscing elit. Suspendisse sagittis libero et lorem cursus . Reach customer at test@example.com.
08/01/2013,Bank D,CA,95348,Lorem ipsum dolor sit amet consectetur adipiscing elit. Suspendisse sagittis libero et lorem cursus fermentum.
07/23/2013,Bank C,NY,12208,Lorem ipsum dolor sit amet consectetur adipiscing elit. Suspendisse sagittis . Reach customer at test@example.com. libero
07/23/2013,Bank A,GA,30062,Lorem ipsum dolor sit amet consectetur adipiscing elit. Suspendisse sagittis libero et lorem cursus fermentum.
07/23/2013,Bank D,NJ,8302,Lorem ipsum dolor sit amet consectetur adipiscing elit. . Call customer at (408) 933-2730. Suspendisse sagittis libero et lorem
08/01/2013,Bank B,CA,92591,Lorem ipsum dolor sit amet consectetur adipiscing elit. Suspendisse sagittis libero et lorem cursus fermentum.
08/01/2013,Bank B,CA,91355,Lorem ipsum . Call customer at (408) 933-2730. dolor sit amet consectetur adipiscing elit. Suspendisse sagittis libero et lorem
07/23/2013,Bank B,CA,92651,Lorem ipsum dolor sit amet consectetur adipiscing elit. Suspendisse sagittis libero et lorem cursus fermentum.
07/23/2013,Bank A,CA,92530,Lorem ipsum . Call customer at (408) 933-2730. dolor
08/01/2013,Bank B,NJ,7424,Lorem ipsum dolor sit amet consectetur adipiscing elit. Suspendisse sagittis libero et lorem cursus fermentum.
08/06/2013,Bank D,WA,98225,Lorem . Reach customer at test@example.com. ipsum dolor sit amet consectetur adipiscing elit.
08/06/2013,Bank D,DC,92544,Lorem ipsum dolor sit amet consectetur adipiscing elit. Suspendisse sagittis libero et lorem cursus fermentum.
07/23/2013,Bank B,IL,60639,Lorem ipsum dolor sit . Reach customer at test@example.com. amet consectetur
07/23/2013,Bank A,WA,98388,Lorem ipsum dolor sit amet consectetur adipiscing elit. Suspendisse sagittis libero et lorem cursus fermentum.
08/01/2013,Bank D,LA,70130,Lorem ipsum dolor sit . Reach customer at test@example.com. amet consectetur adipiscing elit. Suspendisse sagittis libero et lorem cursus
08/01/2013,Bank D,ID,83672,Lorem ipsum dolor sit amet consectetur adipiscing elit. Suspendisse sagittis libero et lorem cursus fermentum.
08/01/2013,Bank C,WA,99212,Lorem ipsum dolor sit amet . Reach customer at test@example.com. consectetur adipiscing elit. Suspendisse sagittis
07/23/2013,Bank B,TX,76308,Lorem ipsum dolor sit amet consectetur adipiscing elit. Suspendisse sagittis libero et lorem cursus fermentum.
07/23/2013,Bank B,WA,98668,Lorem . Reach customer at test@example.com. ipsum dolor sit amet consectetur adipiscing elit.
07/23/2013,Bank A,WA,98321,Lorem ipsum dolor sit amet consectetur adipiscing elit. Suspendisse sagittis libero et lorem cursus fermentum.
07/23/2013,Bank C,UT,84111,Lorem ipsum dolor . Reach customer at test@example.com. sit amet consectetur adipiscing elit. Suspendisse sagittis
07/23/2013,Bank B,IL,61008,Lorem ipsum dolor sit amet consectetur adipiscing elit. Suspendisse sagittis libero et lorem cursus fermentum.
08/06/2013,Bank A,FL,34761,Lorem ipsum dolor sit amet consectetur adipiscing elit. . Reach customer at test@example.com. Suspendisse sagittis libero
07/23/2013,Bank C,CA,90069,Lorem ipsum dolor sit amet consectetur adipiscing elit. Suspendisse sagittis libero et lorem cursus fermentum.
07/23/2013,Bank C,MN,56560,Lorem ipsum . Reach customer at test@example.com. dolor sit amet consectetur adipiscing elit. Suspendisse sagittis
07/23/2013,Bank D,VA,20151,Lorem ipsum dolor sit amet consectetur adipiscing elit. Suspendisse sagittis libero et lorem cursus fermentum.
08/01/2013,Bank A,NY,11516,Lorem ipsum dolor sit amet consectetur adipiscing . Reach customer at test@example.com. elit. Suspendisse sagittis libero et
08/01/2013,Bank D,VA,20171,Lorem ipsum dolor sit amet consectetur adipiscing elit. Suspendisse sagittis libero et lorem cursus fermentum.
08/01/2013,Bank C,FL,33777,Lorem ipsum dolor sit amet consectetur adipiscing . Call customer at (408) 933-2730. elit.
07/23/2013,Bank B,IL,60510,Lorem ipsum dolor sit amet consectetur adipiscing elit. Suspendisse sagittis libero et lorem cursus fermentum.
07/23/2013,Bank D,AL,35808,Lorem ipsum dolor sit amet . Call customer at (408) 933-2730. consectetur adipiscing elit. Suspendisse sagittis libero et
07/23/2013,Bank A,CA,95437,Lorem ipsum dolor sit amet consectetur adipiscing elit. Suspendisse sagittis libero et lorem cursus fermentum.
07/23/2013,Bank A,DC,20017,Lorem ipsum dolor sit amet consectetur . Call customer at (408) 933-2730. adipiscing
08/06/2013,Bank D,CO,80027,Lorem ipsum dolor sit amet consectetur adipiscing elit. Suspendisse sagittis libero et lorem cursus fermentum.
08/01/2013,Bank B,MO,63108,Lorem . Reach customer at test@example.com. ipsum dolor sit amet
08/06/2013,Bank C,TX,77065,Lorem ipsum dolor sit amet consectetur adipiscing elit. Suspendisse sagittis libero et lorem cursus fermentum.
08/01/2013,Bank D,KS,66502,Lorem ipsum dolor sit amet consectetur adipiscing elit. Suspendisse sagittis libero et lorem cursus . Call customer at (408) 933-2730.
07/23/2013,Bank D,CA,95060,Lorem ipsum dolor sit amet consectetur adipiscing elit. Suspendisse sagittis libero et lorem cursus fermentum.
07/23/2013,Bank C,MD,21794,Lorem ipsum dolor sit amet consectetur . Call customer at (408) 933-2730.
07/23/2013,Bank C,VA,22150,Lorem ipsum dolor sit amet consectetur adipiscing elit. Suspendisse sagittis libero et lorem cursus fermentum.
08/01/2013,Bank B,PA,19140,Lorem ipsum dolor sit amet consectetur adipiscing elit. Suspendisse . Call customer at (408) 933-2730. sagittis libero et lorem cursus
08/06/2013,Bank C,IL,60680,Lorem ipsum dolor sit amet consectetur adipiscing elit. Suspendisse sagittis libero et lorem cursus fermentum.
08/01/2013,Bank B,CA,95409,Lorem . Reach customer at test@example.com. ipsum dolor sit amet consectetur adipiscing elit. Suspendisse sagittis libero et lorem
07/23/2013,Bank C,GA,30228,Lorem ipsum dolor sit amet consectetur adipiscing elit. Suspendisse sagittis libero et lorem cursus fermentum.
07/23/2013,Bank C,NY,14468,Lorem . Call customer at (408) 933-2730. ipsum dolor sit
08/01/2013,Bank A,MD,21237,Lorem ipsum dolor sit amet consectetur adipiscing elit. Suspendisse sagittis libero et lorem cursus fermentum.
07/23/2013,Bank D,NH,3110,Lorem ipsum dolor sit amet consectetur adipiscing elit. Suspendisse sagittis libero et . Reach customer at test@example.com. lorem
08/06/2013,Bank A,TN,37909,Lorem ipsum dolor sit amet consectetur adipiscing elit. Suspendisse sagittis libero et lorem cursus fermentum.
07/23/2013,Bank A,GA,30214,Lorem ipsum . Reach customer at test@example.com. dolor sit amet consectetur
08/01/2013,Bank C,FL,32221,Lorem ipsum dolor sit amet consectetur adipiscing elit. Suspendisse sagittis libero et lorem cursus fermentum.
07/23/2013,Bank A,FL,34205,Lorem ipsum . Reach customer at test@example.com. dolor sit amet consectetur adipiscing elit. Suspendisse sagittis libero et lorem cursus
08/01/2013,Bank C,SC,29229,Lorem ipsum dolor sit amet consectetur adipiscing elit. Suspendisse sagittis libero et lorem cursus fermentum.
08/06/2013,Bank B,CA,92626,Lorem ipsum dolor sit amet consectetur adipiscing elit. . Call customer at (408) 933-2730. Suspendisse sagittis
08/06/2013,Bank A,AZ,85338,Lorem ipsum dolor sit amet consectetur adipiscing elit. Suspendisse sagittis libero et lorem cursus fermentum.
07/23/2013,Bank A,MA,2184,Lorem ipsum . Call customer at (408) 933-2730. dolor sit amet consectetur adipiscing elit. Suspendisse sagittis
07/23/2013,Bank A,CA,91941,Lorem ipsum dolor sit amet consectetur adipiscing elit. Suspendisse sagittis libero et lorem cursus fermentum.
08/06/2013,Bank D,NJ,7621,Lorem ipsum dolor sit amet consectetur adipiscing . Call customer at (408) 933-2730. elit. Suspendisse
08/06/2013,Bank C,FL,32765,Lorem ipsum dolor sit amet consectetur adipiscing elit. Suspendisse sagittis libero et lorem cursus fermentum.
07/23/2013,Bank B,MI,48382,Lorem ipsum dolor sit amet consectetur adipiscing elit. Suspendisse sagittis libero et lorem . Reach customer at test@example.com.
08/01/2013,Bank A,FL,33026,Lorem ipsum dolor sit amet consectetur adipiscing elit. Suspendisse sagittis libero et lorem cursus fermentum.
07/23/2013,Bank B,FL,34120,Lorem ipsum dolor sit amet consectetur adipiscing elit. Suspendisse sagittis libero et lorem cursus . Reach customer at test@example.com.
08/06/2013,Bank C,MS,39212,Lorem ipsum dolor sit amet consectetur adipiscing elit. Suspendisse sagittis libero et lorem cursus fermentum.
08/01/2013,Bank A,MA,1960,Lorem ipsum dolor sit . Call customer at (408) 933-2730. amet consectetur adipiscing elit. Suspendisse sagittis libero et
08/01/2013,Bank C,FL,33460,Lorem ipsum dolor sit amet consectetur adipiscing elit. Suspendisse sagittis libero et lorem cursus fermentum.
07/23/2013,Bank D,VA,23831,Lorem ipsum dolor sit amet consectetur adipiscing elit. Suspendisse sagittis . Call customer at (408) 933-2730. libero et lorem
07/23/2013,Bank C,FL,33141,Lorem ipsum dolor sit amet consectetur adipiscing elit. Suspendisse sagittis libero et lorem cursus fermentum.
08/01/2013,Bank B,CA,95126,Lorem ipsum dolor sit amet consectetur adipiscing elit. Suspendisse sagittis libero et . Reach customer at test@example.com.
08/01/2013,Bank C,IL,60425,Lorem ipsum dolor sit amet consectetur adipiscing elit. Suspendisse sagittis libero et lorem cursus fermentum.
07/23/2013,Bank C,AR,72015,Lorem ipsum dolor sit . Reach customer at test@example.com. amet consectetur
08/01/2013,Bank C,WA,98053,Lorem ipsum dolor sit amet consectetur adipiscing elit. Suspendisse sagittis libero et lorem cursus fermentum.
07/23/2013,Bank B,GA,30253,Lorem ipsum dolor sit amet consectetur adipiscing elit. Suspendisse sagittis libero et lorem . Reach customer at test@example.com. cursus
08/01/2013,Bank B,FL,33469,Lorem ipsum dolor sit amet consectetur adipiscing elit. Suspendisse sagittis libero et lorem cursus fermentum.
07/23/2013,Bank B,NY,11779,Lorem ipsum dolor sit amet consectetur adipiscing elit. Suspendisse sagittis libero et lorem . Call customer at (408) 933-2730.
07/23/2013,Bank D,CA,95842,Lorem ipsum dolor sit amet consectetur adipiscing elit. Suspendisse sagittis libero et lorem cursus fermentum.
07/24/2013,Bank B,NY,10002,Lorem . Call customer at (408) 933-2730. ipsum dolor sit amet consectetur adipiscing elit. Suspendisse
07/24/2013,Bank B,CT,6001,Lorem ipsum dolor sit amet consectetur adipiscing elit. Suspendisse sagittis libero et lorem cursus fermentum.
07/23/2013,Bank A,VA,22010,Lorem ipsum dolor sit amet consectetur adipiscing elit. Suspendisse sagittis libero et . Reach customer at test@example.com. lorem cursus
08/06/2013,Bank A,MI,48301,Lorem ipsum dolor sit amet consectetur adipiscing elit. Suspendisse sagittis libero et lorem cursus fermentum.
08/06/2013,Bank D,CO,80026,Lorem ipsum dolor sit amet consectetur adipiscing elit. Suspendisse sagittis . Call customer at (408) 933-2730.
07/23/2013,Bank D,ME,4538,Lorem ipsum dolor sit amet consectetur adipiscing elit. Suspendisse sagittis libero et lorem cursus fermentum.
07/23/2013,Bank D,MA,2726,Lorem ipsum dolor sit amet consectetur adipiscing . Reach customer at test@example.com. elit.
07/24/2013,Bank D,TN,37777,Lorem ipsum dolor sit amet consectetur adipiscing elit. Suspendisse sagittis libero et lorem cursus fermentum.
07/24/2013,Bank A,CA,92841,Lorem ipsum dolor . Reach customer at test@example.com. sit
08/06/2013,Bank B,VA,22182,Lorem ipsum dolor sit amet consectetur adipiscing elit. Suspendisse sagittis libero et lorem cursus fermentum.
08/06/2013,Bank B,FL,32809,Lorem ipsum dolor sit amet . Reach customer at test@example.com. consectetur adipiscing
07/24/2013,Bank C,FL,33141,Lorem ipsum dolor sit amet consectetur adipiscing elit. Suspendisse sagittis libero et lorem cursus fermentum.
08/06/2013,Bank A,CA,92886,Lorem ipsum dolor sit amet consectetur adipiscing elit. Suspendisse sagittis libero . Call customer at (408) 933-2730. et lorem
07/24/2013,Bank B,PA,15216,Lorem ipsum dolor sit amet consectetur adipiscing elit. Suspendisse sagittis libero et lorem cursus fermentum.
07/24/2013,Bank B,NY,11743,Lorem ipsum dolor sit amet consectetur adipiscing elit. . Reach customer at test@example.com. Suspendisse
07/24/2013,Bank C,FL,33547,Lorem ipsum dolor sit amet consectetur adipiscing elit. Suspendisse sagittis libero et lorem cursus fermentum.
07/23/2013,Bank C,MA,1341,Lorem ipsum dolor sit amet consectetur adipiscing elit. Suspendisse sagittis . Reach customer at test@example.com.
07/24/2013,Bank D,CO,80012,Lorem ipsum dolor sit amet consectetur adipiscing elit. Suspendisse sagittis libero et lorem cursus fermentum.
07/24/2013,Bank B,NJ,8054,Lorem ipsum dolor sit amet consectetur adipiscing elit. Suspendisse . Call customer at (408) 933-2730. sagittis
07/23/2013,Bank D,FL,34988,Lorem ipsum dolor sit amet consectetur adipiscing elit. Suspendisse sagittis libero et lorem cursus fermentum.
08/06/2013,Bank C,NC,28031,Lorem ipsum dolor sit amet consectetur adipiscing elit. Suspendisse . Call customer at (408) 933-2730. sagittis libero et lorem cursus
08/06/2013,Bank A,NJ,7055,Lorem ipsum dolor sit amet consectetur adipiscing elit. Suspendisse sagittis libero et lorem cursus fermentum.
08/06/2013,Bank A,CA,94547,Lorem ipsum dolor sit amet consectetur . Call customer at (408) 933-2730. adipiscing elit.
07/23/2013,Bank C,MI,48041,Lorem ipsum dolor sit amet consectetur adipiscing elit. Suspendisse sagittis libero et lorem cursus fermentum.
07/24/2013,Bank A,PA,19055,Lorem ipsum dolor sit amet consectetur adipiscing elit. Suspendisse sagittis libero et . Call customer at (408) 933-2730. lorem
07/24/2013,Bank B,CA,90064,Lorem ipsum dolor sit amet consectetur adipiscing elit. Suspendisse sagittis libero et lorem cursus fermentum.
08/06/2013,Bank C,OR,97701,Lorem ipsum dolor sit amet consectetur adipiscing elit. Suspendisse sagittis libero et . Reach customer at test@example.com. lorem
07/24/2013,Bank A,KY,40071,Lorem ipsum dolor sit amet consectetur adipiscing elit. Suspendisse sagittis libero et lorem cursus fermentum.
07/24/2013,Bank C,FL,33323,Lorem ipsum . Call customer at (408) 933-2730. dolor sit amet
07/24/2013,Bank B,CA,92780,Lorem ipsum dolor sit amet consectetur adipiscing elit. Suspendisse sagittis libero et lorem cursus fermentum.
08/06/2013,Bank C,IL,60192,Lorem . Call customer at (408) 933-2730. ipsum dolor sit amet consectetur adipiscing elit. Suspendisse sagittis libero et lorem
07/23/2013,Bank A,FL,33142,Lorem ipsum dolor sit amet consectetur adipiscing elit. Suspendisse sagittis libero et lorem cursus fermentum.
07/24/2013,Bank D,TN,37885,Lorem ipsum dolor sit amet consectetur adipiscing elit. Suspendisse sagittis libero et lorem cursus . Call customer at (408) 933-2730.
07/24/2013,Bank A,PA,19008,Lorem ipsum dolor sit amet consectetur adipiscing elit. Suspendisse sagittis libero et lorem cursus fermentum.
07/24/2013,Bank C,MD,21061,Lorem ipsum dolor sit amet consectetur adipiscing elit. Suspendisse sagittis libero et lorem . Call customer at (408) 933-2730.
07/24/2013,Bank A,NH,3451,Lorem ipsum dolor sit amet consectetur adipiscing elit. Suspendisse sagittis libero et lorem cursus fermentum.
07/23/2013,Bank A,PA,19605,Lorem ipsum dolor sit amet . Call customer at (408) 933-2730. consectetur adipiscing elit. Suspendisse
07/23/2013,Bank C,MD,21029,Lorem ipsum dolor sit amet consectetur adipiscing elit. Suspendisse sagittis libero et lorem cursus fermentum.
07/24/2013,Bank B,FL,33024,Lorem ipsum dolor sit amet consectetur adipiscing elit. . Call customer at (408) 933-2730.
07/23/2013,Bank C,NY,12533,Lorem ipsum dolor sit amet consectetur adipiscing elit. Suspendisse sagittis libero et lorem cursus fermentum.
07/24/2013,Bank C,CA,92701,Lorem ipsum dolor sit amet consectetur adipiscing . Call customer at (408) 933-2730. elit. Suspendisse sagittis libero et lorem
07/24/2013,Bank D,FL,32774,Lorem ipsum dolor sit amet consectetur adipiscing elit. Suspendisse sagittis libero et lorem cursus fermentum.
07/24/2013,Bank B,CA,91764,Lorem ipsum dolor sit amet consectetur adipiscing elit. . Call customer at (408) 933-2730. Suspendisse
07/24/2013,Bank A,CA,90019,Lorem ipsum dolor sit amet consectetur adipiscing elit. Suspendisse sagittis libero et lorem cursus fermentum.
07/23/2013,Bank B,MD,20748,Lorem . Call customer at (408) 933-2730. ipsum
07/23/2013,Bank A,CT,6002,Lorem ipsum dolor sit amet consectetur adipiscing elit. Suspendisse sagittis libero et lorem cursus fermentum.
08/07/2013,Bank D,TX,75115,Lorem ipsum dolor . Call customer at (408) 933-2730. sit amet consectetur adipiscing
07/24/2013,Bank C,CA,94526,Lorem ipsum dolor sit amet consectetur adipiscing elit. Suspendisse sagittis libero et lorem cursus fermentum.
08/07/2013,Bank C,VA,23455,Lorem ipsum dolor sit amet consectetur adipiscing elit. Suspendisse sagittis libero . Reach customer at test@example.com. et lorem cursus
08/07/2013,Bank B,CA,90274,Lorem ipsum dolor sit amet consectetur adipiscing elit. Suspendisse sagittis libero et lorem cursus fermentum.
08/07/2013,Bank B,WI,53508,Lorem ipsum dolor sit . Reach customer at test@example.com. amet consectetur
08/07/2013,Bank A,FL,32937,Lorem ipsum dolor sit amet consectetur adipiscing elit. Suspendisse sagittis libero et lorem cursus fermentum.
07/23/2013,Bank B,CA,92128,Lorem ipsum dolor sit . Reach customer at test@example.com. amet consectetur adipiscing elit.
07/24/2013,Bank A,CA,92660,Lorem ipsum dolor sit amet consectetur adipiscing elit. Suspendisse sagittis libero et lorem cursus fermentum.
08/07/2013,Bank D,NY,14217,Lorem ipsum dolor sit amet consectetur adipiscing . Reach customer at test@example.com. elit. Suspendisse sagittis libero
08/07/2013,Bank A,FL,32937,Lorem ipsum dolor sit amet consectetur adipiscing elit. Suspendisse sagittis libero et lorem cursus fermentum.
08/07/2013,Bank B,MN,55126,Lorem ipsum . Call customer at (408) 933-2730.
08/07/2013,Bank B,CA,92114,Lorem ipsum dolor sit amet consectetur adipiscing elit. Suspendisse sagittis libero et lorem cursus fermentum.
07/23/2013,Bank A,MI,48382,Lorem ipsum dolor . Reach customer at test@example.com. sit amet consectetur adipiscing elit. Suspendisse sagittis
07/23/2013,Bank B,DC,20019,Lorem ipsum dolor sit amet consectetur adipiscing elit. Suspendisse sagittis libero et lorem cursus fermentum.
08/07/2013,Bank D,CA,94114,Lorem ipsum dolor sit amet consectetur adipiscing elit. Suspendisse sagittis libero et lorem . Call customer at (408) 933-2730.
07/23/2013,Bank B,NE,69101,Lorem ipsum dolor sit amet consectetur adipiscing elit. Suspendisse sagittis libero et lorem cursus fermentum.
08/07/2013,Bank D,WA,98665,Lorem ipsum dolor sit amet consectetur adipiscing elit. . Call customer at (408) 933-2730.
08/07/2013,Bank B,NY,11238,Lorem ipsum dolor sit amet consectetur adipiscing elit. Suspendisse sagittis libero et lorem cursus fermentum.
08/07/2013,Bank B,FL,33418,Lorem ipsum dolor . Call customer at (408) 933-2730. sit amet consectetur adipiscing elit. Suspendisse
07/23/2013,Bank C,FL,33185,Lorem ipsum dolor sit amet consectetur adipiscing elit. Suspendisse sagittis libero et lorem cursus fermentum.
08/07/2013,Bank C,VA,23233,Lorem ipsum dolor sit amet consectetur adipiscing elit. Suspendisse sagittis libero et . Reach customer at test@example.com.
07/23/2013,Bank A,NC,27704,Lorem ipsum dolor sit amet consectetur adipiscing elit. Suspendisse sagittis libero et lorem cursus fermentum.
07/23/2013,Bank A,NJ,8857,Lorem ipsum dolor sit amet . Reach customer at test@example.com. consectetur adipiscing elit.
08/07/2013,Bank B,AZ,85345,Lorem ipsum dolor sit amet consectetur adipiscing elit. Suspendisse sagittis libero et lorem cursus fermentum.
07/24/2013,Bank D,NJ,7410,Lorem ipsum . Call customer at (408) 933-2730.
08/07/2013,Bank B,CA,94523,Lorem ipsum dolor sit amet consectetur adipiscing elit. Suspendisse sagittis libero et lorem cursus fermentum.
08/07/2013,Bank A,CA,90230,Lorem ipsum dolor sit amet consectetur adipiscing elit. Suspendisse sagittis libero . Reach customer at test@example.com.
08/12/2013,Bank B,NJ,7062,Lorem ipsum dolor sit amet consectetur adipiscing elit. Suspendisse sagittis libero et lorem cursus fermentum.
07/24/2013,Bank A,CA,93401,Lorem ipsum dolor sit amet consectetur adipiscing elit. Suspendisse sagittis libero . Reach customer at test@example.com. et lorem
08/07/2013,Bank B,WA,98036,Lorem ipsum dolor sit amet consectetur adipiscing elit. Suspendisse sagittis libero et lorem cursus fermentum.
08/07/2013,Bank B,NY,11106,Lorem ipsum dolor . Reach customer at test@example.com. sit amet consectetur adipiscing elit. Suspendisse sagittis libero
08/07/2013,Bank B,SC,29649,Lorem ipsum dolor sit amet consectetur adipiscing elit. Suspendisse sagittis libero et lorem cursus fermentum.
08/07/2013,Bank C,CA,91709,Lorem ipsum dolor sit amet consectetur adipiscing elit. Suspendisse sagittis libero et lorem cursus . Reach customer at test@example.com.
08/07/2013,Bank A,IL,60459,Lorem ipsum dolor sit amet consectetur adipiscing elit. Suspendisse sagittis libero et lorem cursus fermentum.
08/12/2013,Bank A,WA,98045,Lorem ipsum dolor sit amet consectetur adipiscing elit. Suspendisse sagittis libero et . Call customer at (408) 933-2730. lorem cursus
07/23/2013,Bank D,FL,34668,Lorem ipsum dolor sit amet consectetur adipiscing elit. Suspendisse sagittis libero et lorem cursus fermentum.
07/24/2013,Bank D,PR,940,Lorem ipsum dolor sit amet consectetur adipiscing elit. . Call customer at (408) 933-2730. Suspendisse
08/07/2013,Bank A,LA,71360,Lorem ipsum dolor sit amet consectetur adipiscing elit. Suspendisse sagittis libero et lorem cursus fermentum.
07/24/2013,Bank D,AZ,85143,Lorem ipsum . Call customer at (408) 933-2730. dolor sit amet consectetur adipiscing elit.
07/23/2013,Bank A,FL,33012,Lorem ipsum dolor sit amet consectetur adipiscing elit. Suspendisse sagittis libero et lorem cursus fermentum.
07/23/2013,Bank C,PA,18062,Lorem ipsum dolor sit amet . Reach customer at test@example.com. consectetur adipiscing elit. Suspendisse sagittis libero
08/12/2013,Bank D,IL,61073,Lorem ipsum dolor sit amet consectetur adipiscing elit. Suspendisse sagittis libero et lorem cursus fermentum.
08/12/2013,Bank B,NE,68510,Lorem ipsum . Reach customer at test@example.com. dolor sit amet consectetur adipiscing elit. Suspendisse sagittis
08/07/2013,Bank A,FL,33411,Lorem ipsum dolor sit amet consectetur adipiscing elit. Suspendisse sagittis libero et lorem cursus fermentum.
07/23/2013,Bank A,CA,95954,Lorem ipsum dolor sit amet consectetur adipiscing elit. . Reach customer at test@example.com. Suspendisse sagittis libero et lorem
07/23/2013,Bank B,CA,91702,Lorem ipsum dolor sit amet consectetur adipiscing elit. Suspendisse sagittis libero et lorem cursus fermentum.
08/07/2013,Bank D,MA,2067,Lorem ipsum . Call customer at (408) 933-2730.
08/12/2013,Bank D,ME,4106,Lorem ipsum dolor sit amet consectetur adipiscing elit. Suspendisse sagittis libero et lorem cursus fermentum.
07/24/2013,Bank D,IL,60630,Lorem ipsum dolor sit amet consectetur adipiscing elit. Suspendisse sagittis libero et lorem cursus . Reach customer at test@example.com.
07/24/2013,Bank D,IL,60461,Lorem ipsum dolor sit amet consectetur adipiscing elit. Suspendisse sagittis libero et lorem cursus fermentum.
08/07/2013,Bank A,MA,1960,Lorem ipsum dolor sit amet consectetur adipiscing elit. Suspendisse sagittis libero et . Call customer at (408) 933-2730.
07/23/2013,Bank B,FL,33777,Lorem ipsum dolor sit amet consectetur adipiscing elit. Suspendisse sagittis libero et lorem cursus fermentum.
07/24/2013,Bank B,OH,45133,Lorem ipsum dolor sit amet . Call customer at (408) 933-2730. consectetur
07/23/2013,Bank B,NJ,7032,Lorem ipsum dolor sit amet consectetur adipiscing elit. Suspendisse sagittis libero et lorem cursus fermentum.
08/12/2013,Bank A,NY,11413,Lorem . Call customer at (408) 933-2730. ipsum dolor sit amet consectetur
08/12/2013,Bank A,PA,15212,Lorem ipsum dolor sit amet consectetur adipiscing elit. Suspendisse sagittis libero et lorem cursus fermentum.
07/24/2013,Bank C,CA,94402,Lorem ipsum dolor sit amet consectetur . Call customer at (408) 933-2730. adipiscing elit. Suspendisse sagittis libero et lorem
08/07/2013,Bank B,PA,19149,Lorem ipsum dolor sit amet consectetur adipiscing elit. Suspendisse sagittis libero et lorem cursus fermentum.
08/07/2013,Bank A,DE,19954,Lorem ipsum dolor . Reach customer at test@example.com. sit amet consectetur adipiscing elit. Suspendisse sagittis libero et
07/24/2013,Bank D,IL,60630,Lorem ipsum dolor sit amet consectetur adipiscing elit. Suspendisse sagittis libero et lorem cursus fermentum.
08/07/2013,Bank B,VA,23111,Lorem ipsum dolor sit amet consectetur adipiscing elit. . Call customer at (408) 933-2730. Suspendisse
08/12/2013,Bank A,TX,75401,Lorem ipsum dolor sit amet consectetur adipiscing elit. Suspendisse sagittis libero et lorem cursus fermentum.
08/12/2013,Bank D,MO,63130,Lorem ipsum dolor . Reach customer at test@example.com. sit amet consectetur adipiscing elit. Suspendisse sagittis libero
07/23/2013,Bank A,PA,19464,Lorem ipsum dolor sit amet consectetur adipiscing elit. Suspendisse sagittis libero et lorem cursus fermentum.
08/07/2013,Bank A,FL,34695,Lorem ipsum dolor sit amet consectetur adipiscing elit. Suspendisse . Call customer at (408) 933-2730. sagittis
07/24/2013,Bank C,FL,33912,Lorem ipsum dolor sit amet consectetur adipiscing elit. Suspendisse sagittis libero et lorem cursus fermentum.
07/23/2013,Bank D,DE,19803,Lorem ipsum dolor . Call customer at (408) 933-2730. sit
08/07/2013,Bank B,MD,21044,Lorem ipsum dolor sit amet consectetur adipiscing elit. Suspendisse sagittis libero et lorem cursus fermentum.
08/12/2013,Bank D,FL,33319,Lorem ipsum dolor sit amet consectetur adipiscing elit. Suspendisse sagittis libero . Call customer at (408) 933-2730. et lorem
08/12/2013,Bank C,CA,91724,Lorem ipsum dolor sit amet consectetur adipiscing elit. Suspendisse sagittis libero et lorem cursus fermentum.
08/12/2013,Bank C,MD,21042,Lorem ipsum dolor sit amet consectetur adipiscing elit. Suspendisse sagittis libero et lorem . Call customer at (408) 933-2730. cursus
07/23/2013,Bank C,KY,40022,Lorem ipsum dolor sit amet consectetur adipiscing elit. Suspendisse sagittis libero et lorem cursus fermentum.
07/23/2013,Bank B,ID,83616,Lorem ipsum . Call customer at (408) 933-2730. dolor sit amet consectetur adipiscing
08/12/2013,Bank B,MD,21158,Lorem ipsum dolor sit amet consectetur adipiscing elit. Suspendisse sagittis libero et lorem cursus fermentum.
07/23/2013,Bank C,OH,43204,Lorem ipsum dolor sit amet consectetur adipiscing . Call customer at (408) 933-2730. elit. Suspendisse sagittis libero
08/12/2013,Bank B,OH,43232,Lorem ipsum dolor sit amet consectetur adipiscing elit. Suspendisse sagittis libero et lorem cursus fermentum.
08/12/2013,Bank C,GA,30114,Lorem ipsum dolor sit amet consectetur adipiscing elit. Suspendisse sagittis libero et lorem cursus . Call customer at (408) 933-2730.
08/07/2013,Bank D,NY,11226,Lorem ipsum dolor sit amet consectetur adipiscing elit. Suspendisse sagittis libero et lorem cursus fermentum.
07/23/2013,Bank B,CA,94114,Lorem ipsum dolor sit amet consectetur . Call customer at (408) 933-2730. adipiscing elit. Suspendisse sagittis libero et
07/23/2013,Bank B,CA,94118,Lorem ipsum dolor sit amet consectetur adipiscing elit. Suspendisse sagittis libero et lorem cursus fermentum.
08/12/2013,Bank A,NC,27545,Lorem ipsum dolor sit amet consectetur adipiscing elit. Suspendisse . Reach customer at test@example.com. sagittis libero et
07/23/2013,Bank D,OR,97034,Lorem ipsum dolor sit amet consectetur adipiscing elit. Suspendisse sagittis libero et lorem cursus fermentum.
08/12/2013,Bank A,VA,23462,Lorem . Reach customer at test@example.com. ipsum dolor sit
07/23/2013,Bank D,AZ,85746,Lorem ipsum dolor sit amet consectetur adipiscing elit. Suspendisse sagittis libero et lorem cursus fermentum.
08/07/2013,Bank D,MD,21842,Lorem ipsum dolor sit amet consectetur adipiscing elit. Suspendisse . Call customer at (408) 933-2730.
08/07/2013,Bank D,CA,95610,Lorem ipsum dolor sit amet consectetur adipiscing elit. Suspendisse sagittis libero et lorem cursus fermentum.
08/12/2013,Bank C,MA,1844,Lorem ipsum dolor sit . Reach customer at test@example.com. amet consectetur adipiscing elit.
08/12/2013,Bank C,FL,33409,Lorem ipsum dolor sit amet consectetur adipiscing elit. Suspendisse sagittis libero et lorem cursus fermentum.
07/23/2013,Bank D,PA,17098,Lorem ipsum dolor . Reach customer at test@example.com. sit amet consectetur adipiscing elit. Suspendisse sagittis libero et lorem cursus
08/12/2013,Bank C,IL,61362,Lorem ipsum dolor sit amet consectetur adipiscing elit. Suspendisse sagittis libero et lorem cursus fermentum.
07/23/2013,Bank A,WA,98003,Lorem ipsum dolor sit amet . Call customer at (408) 933-2730. consectetur adipiscing elit. Suspendisse sagittis libero et lorem cursus
08/12/2013,Bank B,DC,20024,Lorem ipsum dolor sit amet consectetur adipiscing elit. Suspendisse sagittis libero et lorem cursus fermentum.
08/07/2013,Bank C,OH,45226,Lorem ipsum dolor sit amet consectetur adipiscing elit. Suspendisse . Call customer at (408) 933-2730. sagittis libero et
08/12/2013,Bank C,MO,65807,Lorem ipsum dolor sit amet consectetur adipiscing elit. Suspendisse sagittis libero et lorem cursus fermentum.
07/24/2013,Bank D,FL,32189,Lorem ipsum dolor . Reach customer at test@example.com. sit amet consectetur adipiscing
07/24/2013,Bank D,IL,60586,Lorem ipsum dolor sit amet consectetur adipiscing elit. Suspendisse sagittis libero et lorem cursus fermentum.
08/07/2013,Bank A,TN,37215,Lorem ipsum dolor sit amet consectetur adipiscing . Call customer at (408) 933-2730. elit.
08/12/2013,Bank D,LA,70094,Lorem ipsum dolor sit amet consectetur adipiscing elit. Suspendisse sagittis libero et lorem cursus fermentum.
08/12/2013,Bank D,KS,67460,Lorem ipsum dolor sit amet consectetur adipiscing elit. Suspendisse sagittis . Call customer at (408) 933-2730. libero
08/12/2013,Bank D,MA,2720,Lorem ipsum dolor sit amet consectetur adipiscing elit. Suspendisse sagittis libero et lorem cursus fermentum.
07/24/2013,Bank A,PA,17814,Lorem ipsum dolor sit amet consectetur adipiscing elit. Suspendisse sagittis . Reach customer at test@example.com.
07/23/2013,Bank A,PA,19132,Lorem ipsum dolor sit amet consectetur adipiscing elit. Suspendisse sagittis libero et lorem cursus fermentum.
08/12/2013,Bank B,CA,92114,Lorem ipsum dolor sit amet consectetur . Reach customer at test@example.com. adipiscing
08/12/2013,Bank D,MA,1835,Lorem ipsum dolor sit amet consectetur adipiscing elit. Suspendisse sagittis libero et lorem cursus fermentum.
08/07/2013,Bank C,NH,3064,Lorem ipsum dolor . Reach customer at test@example.com. sit amet consectetur adipiscing elit. Suspendisse sagittis
08/07/2013,Bank D,MA,1089,Lorem ipsum dolor sit amet consectetur adipiscing elit. Suspendisse sagittis libero et lorem cursus fermentum.
08/07/2013,Bank B,CA,95609,Lorem ipsum dolor sit amet consectetur adipiscing elit. Suspendisse sagittis libero et lorem cursus . Call customer at (408) 933-2730.
07/23/2013,Bank B,TX,78639,Lorem ipsum dolor sit amet consectetur adipiscing elit. Suspendisse sagittis libero et lorem cursus fermentum.
08/12/2013,Bank C,MN,55812,Lorem ipsum dolor sit amet consectetur adipiscing elit. Suspendisse sagittis libero . Reach customer at test@example.com. et
07/23/2013,Bank C,CA,94534,Lorem ipsum dolor sit amet consectetur adipiscing elit. Suspendisse sagittis libero et lorem cursus fermentum.
07/23/2013,Bank C,PA,17101,Lorem ipsum dolor . Call customer at (408) 933-2730. sit amet consectetur
08/13/2013,Bank C,AZ,85354,Lorem ipsum dolor sit amet consectetur adipiscing elit. Suspendisse sagittis libero et lorem cursus fermentum.
07/23/2013,Bank A,CA,92887,Lorem ipsum dolor sit amet consectetur adipiscing elit. Suspendisse . Call customer at (408) 933-2730. sagittis
07/24/2013,Bank B,KY,40013,Lorem ipsum dolor sit amet consectetur adipiscing elit. Suspendisse sagittis libero et lorem cursus fermentum.
07/24/2013,Bank C,IL,60657,Lorem ipsum . Call customer at (408) 933-2730.
08/13/2013,Bank D,SC,29566,Lorem ipsum dolor sit amet consectetur adipiscing elit. Suspendisse sagittis libero et lorem cursus fermentum.
08/07/2013,Bank A,TX,77040,Lorem ipsum dolor sit amet consectetur adipiscing elit. . Call customer at (408) 933-2730. Suspendisse sagittis
07/24/2013,Bank D,PA,19147,Lorem ipsum dolor sit amet consectetur adipiscing elit. Suspendisse sagittis libero et lorem cursus fermentum.
07/24/2013,Bank D,CA,92651,Lorem ipsum dolor sit . Call customer at (408) 933-2730. amet consectetur adipiscing elit. Suspendisse sagittis libero
08/13/2013,Bank B,NY,11729,Lorem ipsum dolor sit amet consectetur adipiscing elit. Suspendisse sagittis libero et lorem cursus fermentum.
08/07/2013,Bank B,GA,30642,Lorem ipsum dolor sit amet consectetur adipiscing elit. Suspendisse sagittis libero et lorem cursus . Reach customer at test@example.com.
07/24/2013,Bank A,CA,92374,Lorem ipsum dolor sit amet consectetur adipiscing elit. Suspendisse sagittis libero et lorem cursus fermentum.
08/13/2013,Bank D,NJ,7305,Lorem ipsum dolor sit amet . Call customer at (408) 933-2730. consectetur adipiscing elit. Suspendisse
08/13/2013,Bank D,FL,34222,Lorem ipsum dolor sit amet consectetur adipiscing elit. Suspendisse sagittis libero et lorem cursus fermentum.
08/13/2013,Bank B,LA,70815,Lorem . Call customer at (408) 933-2730. ipsum dolor
07/23/2013,Bank D,KS,67002,Lorem ipsum dolor sit amet consectetur adipiscing elit. Suspendisse sagittis libero et lorem cursus fermentum.
07/23/2013,Bank B,MA,1602,Lorem ipsum dolor sit amet consectetur adipiscing elit. Suspendisse . Call customer at (408) 933-2730. sagittis libero
08/07/2013,Bank C,AZ,85613,Lorem ipsum dolor sit amet consectetur adipiscing elit. Suspendisse sagittis libero et lorem cursus fermentum.
08/07/2013,Bank B,MI,48331,Lorem ipsum dolor sit amet consectetur adipiscing elit. Suspendisse . Reach customer at test@example.com.
07/23/2013,Bank D,NC,28532,Lorem ipsum dolor sit amet consectetur adipiscing elit. Suspendisse sagittis libero et lorem cursus fermentum.
07/23/2013,Bank D,RI,2914,Lorem . Reach customer at test@example.com. ipsum dolor sit amet consectetur adipiscing elit. Suspendisse sagittis libero et
08/13/2013,Bank D,NY,11236,Lorem ipsum dolor sit amet consectetur adipiscing elit. Suspendisse sagittis libero et lorem cursus fermentum.
08/13/2013,Bank C,OR,97048,Lorem ipsum dolor sit amet consectetur . Call customer at (408) 933-2730. adipiscing
08/07/2013,Bank D,WV,25840,Lorem ipsum dolor sit amet consectetur adipiscing elit. Suspendisse sagittis libero et lorem cursus fermentum.
08/07/2013,Bank C,SC,29708,Lorem ipsum dolor sit amet consectetur . Reach customer at test@example.com. adipiscing elit.
08/07/2013,Bank A,TX,77573,Lorem ipsum dolor sit amet consectetur adipiscing elit. Suspendisse sagittis libero et lorem cursus fermentum.
07/24/2013,Bank C,TX,78737,Lorem ipsum dolor . Call customer at (408) 933-2730. sit amet consectetur adipiscing elit. Suspendisse sagittis libero et lorem
07/23/2013,Bank A,NY,11206,Lorem ipsum dolor sit amet consectetur adipiscing elit. Suspendisse sagittis libero et lorem cursus fermentum.
07/23/2013,Bank C,MA,1545,Lorem ipsum . Call customer at (408) 933-2730.
08/13/2013,Bank D,CA,91206,Lorem ipsum dolor sit amet consectetur adipiscing elit. Suspendisse sagittis libero et lorem cursus fermentum.
07/24/2013,Bank C,WA,98444,Lorem ipsum dolor sit amet consectetur . Reach customer at test@example.com.
07/24/2013,Bank C,PA,15057,Lorem ipsum dolor sit amet consectetur adipiscing elit. Suspendisse sagittis libero et lorem cursus fermentum.
08/13/2013,Bank B,AZ,85297,Lorem ipsum dolor sit amet . Call customer at (408) 933-2730. consectetur adipiscing elit. Suspendisse sagittis libero
07/24/2013,Bank D,TN,38351,Lorem ipsum dolor sit amet consectetur adipiscing elit. Suspendisse sagittis libero et lorem cursus fermentum.
08/13/2013,Bank B,AL,35068,Lorem . Call customer at (408) 933-2730.
08/07/2013,Bank D,VA,23236,Lorem ipsum dolor sit amet consectetur adipiscing elit. Suspendisse sagittis libero et lorem cursus fermentum.
08/13/2013,Bank C,CA,94704,Lorem ipsum . Call customer at (408) 933-2730.
08/13/2013,Bank C,TN,37411,Lorem ipsum dolor sit amet consectetur adipiscing elit. Suspendisse sagittis libero et lorem cursus fermentum.